ITALIAN,LATIN-CORRECT
abalienare,abalienare
abalienazione,abalienationem
abalieta,abalietatem
abbacinare,abacinare
abbazia,abbatiam
abbreviare,abbreviare
abbreviazione,abbreviationem
abduzione,abductionem
aberrare,aberrare
abete,abietem
abiettare,abicere
abigeato,abigeatum
abile,habilem
abilita,habilitatem
abisso,abyssum
abitare,habitare
abitazione,habitationem
abito,habitum
abituale,habitualem
abiurare,abiurare
ablaqueazione,ablaqueationem
ablegazione,ablegationem
abnegare,abnegare
abnorme,abnormem
abolizione,abolitionem
abomaso,abomasum
abominare,abominari
abominazione,abominationem
aborrire,abhorrere
abradere,abradere
abrogare,abrogare
abrotano,abrotonum
abusare,abuti
acanto,acanthum
accademia,academiam
accedere,accedere
accendere,accendere
accento,accentum
accession,accessionem
accessorio,accessorium
accettare,accipere
accezione,acceptionem
accia,aciam
acciaio,aciem
accidia,acediam
accline,acclinem
accomodazione,accommodationem
accorrere,accurrere
accrescere,accrescere
accrezione,accretionem
accumulazione,accumulationem
accusabile,accusabilem
accusare,accusare
accusatore,accusatorem
accusatorio,accusatorium
accusatrice,accusatricem
accusazione,accusationem
acerbita,acerbitatem
acerbo,acerbum
acero,acrem
acetabolo,acetabulum
aceto,acetum
acidita,aciditatem
acino,acinum
aconito,aconitum
acqua,aquam
acquazzone,aquationem
acquisire,acquirere
acquisizione,acquisitionem
acrimonia,acrimoniam
aculeo,aculeum
acume,acumen
acuminare,acuminare
adamante,adamantem
addecimare,addecimare
addetto,addictum
addiaccio,adiacere
addire,addicere
addizione,additionem
addome,abdomen
addormire,addormire
adespoto,adespoton
adipe,adipem
adire,adire
adito,aditum
adiuvare,adiuvare
adolescenza,adulescentiam
adombrare,adumbrare
adorare,adorare
adorazione,adorationem
adulare,adulari
adulatore,adulatorem
adulterare,adulterare
adulterino,adulterinum
adunare,adunare
adunco,aduncum
aeromanzia,aeromantiam
affascinare,fascinare
affermare,affirmare
affermazione,affirmationem
affetto,affectum
affezione,affectionem
affliggere,affligere
afflizione,afflictionem
affluire,affluere
affumicare,fumigare
agarico,agaricum
agata,achaten
aggiudicare,adiudicare
aggiudicazione,adiudicationem
aggiungere,adiungere
aggiunto,adiunctum
aggiunzione,adiunctionem
agglomerare,agglomerare
agglutinare,agglutinare
aggravare,aggravare
aggredire,aggredi
aggregare,aggregare
agilita,agilitatem
agire,agere
agitare,agitare
agnato,agnatum
agnella,agnellam
agnello,agnellum
ago,acum
agreste,agrestem
agrimensore,agrimensorem
agro,agrum
alabastro,alabastrum
alacrita,alacritatem
albume,albumen
alce,alcem
alea,aleam
algore,algorem
alice,allec
alienare,alienare
alienazione,alienationem
alieno,alienum
alito,halitum
allacrimare,allacrimare
allegare,allegere
allegazione,allegationem
allegorizzare,allegorizare
allegro,alacrem
allettare,allectare
allevare,allevare
alleviare,alleviare
allocare,allocare
allocuzione,allocutionem
allodola,alaudam
alluce,hallum
alludere,alludere
allungare,elongare
alno,alnum
alosa,alausam
altare,altarem
altea,althaeam
altercare,altercari
altercazione,altercationem
alternazione,alternationem
altissimo,altissimum
altitudine,altitudinem
alunno,alumnum
alveo,alveum
alvo,alvum
alzaia,helcium
amalgama,amalgama
amante,amantem
amanuense,amanuensem
amare,amare
amareggiare,amaricare
amarezza,amaritiem
amaritudine,amaritudinem
amarulento,amarulentum
amasio,amasium
amatore,amatorem
amatorio,amatorium
ambiguita,ambiguitatem
ambito,ambitum
ambo,ambos
ambrosia,ambrosiam
amenita,amoenitatem
ameno,amoenum
amente,amentem
amento,amentum
amenza,amentiam
ametista,amethystam
amica,amicam
amicale,amicalem
amicizia,amicitiam
amigdala,amygdalum
amitto,amictum
ammiccare,micare
amministrare,administrare
ammirabile,admirabilem
ammonire,admonere
ammonizione,admonitionem
amovibile,amovere
ampio,amplum
amplificare,amplificare
ampolla,ampullam
anacronismo,anachronismum
anale,analem
analisi,analysem
anarchia,anarchiam
anatra,anatem
andare,ambulare
anelare,anhelare
anemone,anemonen
aneto,anethum
angamo,gangamon
angelico,angelicum
angheria,angariam
angoscia,angustiam
angusto,angustum
animale,animal
animo,animum
annali,annalem
annegare,necare
annesso,annexum
annichilare,annihilare
annichilazione,annihilationem
annodare,adnodare
annona,annonam
annonario,annonarium
annosita,annositatem
annoso,annosum
annotazione,annotationem
annotino,annotinum
annuire,adnuere
annullare,annullare
annunciare,annuntiare
annuo,annuum
ano,anum
anodino,anodynon
anomalo,anomalon
ansa,ansam
anta,antas
antecedere,antecedere
antecessore,antecessorem
anteco,antoecum
antemurale,antemurale
antenato,antenatum
antenna,antennam
anteporre,anteponere
anticipare,anticipare
antirrino,antirrhinon
antiteto,antitheton
antro,antrum
anulare,anularem
apiario,apiarium
apice,apicem
apocalisse,apocalypsem
apoditerio,apodyterium
apostolo,apostolum
apparare,apparare
apparato,apparatum
apparente,apparentem
apparire,apparere
appartenere,appertinere
appellare,appellare
appendere,appendere
appio,apium
applauso,applausum
apporre,apponere
apportare,apportare
apposto,appositum
apprendere,apprehendere
apprensione,apprehensionem
approcciare,appropiare
appropriazione,appropriationem
approvazione,approbationem
aprico,apricum
aprire,aperire
aquifoglio,aquifolium
aquilino,aquilinum
arabile,arabilem
aragna,araneam
aratro,aratrum
arbitrio,arbitrium
arboreo,arboreum
arboreto,arboretum
arbustivo,arbustivum
arca,arcam
arcangelo,archangelum
arcano,arcanum
arcano,arcanum
archetipo,archetypum
arciere,arcuarium
arcivescovo,archiepiscopum
arduo,arduum
areale,arealem
areopagita,areopagiten
argento,argentum
argilla,argillam
argine,aggerem
arguzia,argutiam
ariete,arietem
armadio,armarium
armamento,armamentum
armare,armare
armato,armatum
armento,armentum
armipotente,armipotentem
armisonante,armisonum
aromatico,aromaticum
arpinate,arpinatem
arra,arrham
arrogare,arrogare
arsione,arsio
artemisia,artemisiam
aruspice,haruspicem
asaro,asarum
ascella,ascellam
ascendere,ascendere
ascensione,ascensionem
ascia,asciam
asciugare,exsucare
ascola,assulam
ascondere,abscondere
ascoso,absconsum
ascrivere,ascribere
aseita,aseitatem
asilo,as?lum
asola,ansulam
asparago,asparagum
aspergine,aspergere
aspersione,aspersionem
aspettare,aspectare
aspetto,aspectum
aspirazione,aspirationem
asportare,asportare
asportazione,asportationem
asse,axem
assegnare,assignare
asserire,asserere
assidere,assidere
assiduo,assiduum
assillo,asilum
assiso,assessum
assistere,assistere
associare,associare
assoluzione,absolutionem
assolvere,absolvere
assuefare,assuefacere
assumere,assumere
assunzione,assumptionem
assurdita,absurditatem
assurgere,assurgere
asta,hastam
astemio,abstemium
astenere,abstinere
astergere,abstergere
astice,astacum
astore,asturem
astore,asturem
astrarre,abstrahere
astringere,astringere
astro,astrum
astruso,abstrusum
astuto,astutum
astuzia,astutiam
atramento,atramentum
atro,atrum
attemperare,attemperare
attendere,attendere
attenere,attinere
attento,attentum
attestare,attestari
attingere,attingere
attivo,activum
atto,actum
attore,actorem
attrarre,attrahere
attribuire,attribuere
attribuzione,attributionem
attrice,actricem
attuale,actualem
attuare,actuare
attuario,actuarium
audace,audacem
audacia,audaciam
auditorio,auditorium
audizione,auditionem
augurare,augurare
augure,augurem
augurio,augurium
aumentazione,augmentationem
aura,auram
auricola,auriculam
auriga,aurigam
aurora,auroram
ausiliare,auxiliarem
ausiliario,auxiliarium
ausilio,auxilium
autorita,auctoritatem
autunnale,autumnalem
auzione,auctionem
ava,avam
avena,avenam
avidita,aviditatem
avo,avum
avocare,avocare
avocazione,avocationem
avorio,eboreum
avorio,ebur
avvenire,advenire
avverbiale,adverbialem
avversione,aversionem
avvertire,advertere
avviso,avem
avvolgere,advolvere
bacca,bacam
baccalaureato,baccalaureatum
baciare,basiare
bacio,basium
bacolo,baculum
bagno,balneum
baio,badium
baiulo,baiulum
balbare,balbare
balbettare,balbutire
balena,ballaenam
balteo,balteum
baltico,balticum
baratro,barathrum
barbarismo,barbarismum
barbarizzare,barbarizare
barbato,barbatum
barbula,barbulam
barca,barcam
bardo,bardum
baritono,barytonum
base,basem
basilica,basilicam
basilico,basilicum
basilisco,basiliscum
bassarisco,bassariscum
basso,bassum
basterna,basternam
battesimo,baptismum
battista,baptistam
battistero,baptisterium
beato,beatum
belare,balare
bellico,bellicum
bello,bellum
belva,belvam
benedetto,benedictum
benedire,benedicere
benedizione,benedictionem
benefare,benefacere
beneficio,beneficium
benigno,benignum
berbice,vervex
berillo,beryllum
bestiario,bestiarium
bestiola,bestiolam
betulla,betulam
bevitore,bibitorem
biada,bladum
bibliopola,bibliopolam
bibliotecario,bibliothecarium
bica,bigam
bienne,biennem
biennio,biennium
bieta,betam
bifolco,bubulcum
bile,bilem
biscia,bestiam
bivio,bivium
blandire,blandiri
blandizia,blanditiam
blando,blandum
blaterare,blaterare
blatta,blattam
bleso,blaesum
boario,boarium
boato,boatum
boleto,boletum
bolla,bullam
bollire,bullire
bombarda,bombardam
bombo,bombum
borra,burram
borragine,boraginem
borsa,bursam
borsaio,bursarium
bosco,boscum
bosso,buxum
bottega,apothecam
botulino,botulum
bovaro,bovarium
braca,bracam
bracato,bracatum
brache,bracas
branca,brancam
breve,brevem
britannico,britannicum
brocco,broccum
bruco,bruchum
brunice,prunam
buccina,bucinam
buccinare,bucinare
bucine,bucinum
bufalo,bubalum
bure,buram
burgravio,burgravium
burro,but?rum
cacciare,captiare
cacume,cacumen
cadavere,cadaver
caduco,caducum
cagliare,coagulare
calabrone,crabronem
calamita,calamitatem
calamitoso,calamitosum
calamo,calamum
calare,chalare
calcagno,calcaneum
calcareo,calcarium
calce,calcem
calcolazione,calculationem
calcolo,calculum
calere,calere
calice,calicem
calidita,caliditatem
califfo,calipham
caliga,caligam
caligine,caliginem
caliginoso,caliginosum
calle,callem
callido,callidum
callo,callum
calma,cauma
calore,calorem
calunnia,calumniam
calvo,calvum
calzare,calcearium
cambiare,cambire
cambio,cambium
camino,caminum
cammino,camminum
camo,camum
campestre,campestrem
campicello,campicellum
campione,campionem
candela,candelam
candelabro,candelabrum
candido,candidum
candire,candere
canestro,canistrum
canicola,caniculam
canino,caninum
canna,cannam
cano,canum
canone,canonem
cansare,campsare
cantare,cantare
cantico,canticum
canto,cantum
cantore,cantorem
canuto,canutum
canzone,cantionem
capace,capacem
capacita,capacitatem
capecchio,capitulum
capello,capillum
capire,capere
capitazione,capitationem
capitello,capitellum
capitolazione,capitulationem
capitone,capitonem
cappella,cappellam
cappio,capulum
cappio,capulum
cappone,caponem
caprile,caprile
caprino,caprinum
capro,caprum
captare,captare
caramello,calamellum
carattere,characterem
carbonio,carbonium
carbuncolo,carbunculum
cardine,cardinem
carena,carinam
carice,caricem
carme,carmen
carminare,carminare
carnefice,carnificem
carnoso,carnosum
caro,carum
carota,carotam
carpento,carpentum
carrozza,carrucam
casaro,casearium
caso,casum
castagna,castaneam
castaldo,castaldum
castigare,castigare
castrato,castratum
catafratto,cataphractum
catechismo,catechismum
catechizzare,catechizare
catello,catellum
catenare,catenare
catilinario,catilinarium
catino,catinum
cattedra,cathedram
cattedrale,cathedralem
cattivo,captivum
cattura,capturam
caudale,caudalem
caudato,caudatum
caule,caulem
cautela,cautelam
cauzione,cautionem
cavaliere,caballarium
cavare,cavare
cavillare,cavillari
cavo,cavum
cece,cicer
cedere,cedere
cedreto,cedretum
cedro,cedrum
cefalea,cephalaeam
celare,celare
celebrare,celebrare
celebrazione,celebrationem
celebre,celebrem
celere,celerem
celestiale,caelestialem
celibe,caelibem
cella,cellam
celsitudine,celsitudinem
celta,celtam
cemento,caementum
cenare,cenare
cenno,cinnum
censore,censorem
centaurea,centauream
centuria,centuriam
ceraste,cerasten
cercare,circare
cercine,circinum
cerimoniale,caerimonialem
cernere,cernere
cernia,acerniam
cero,cereum
ceroso,cerosum
certame,certamen
certare,certare
certitudine,certitudinem
certo,certum
ceruleo,caeruleum
cerva,cervam
cervino,cervinum
cervogia,cervesiam
cervogia,cervisiam
cespite,caespitem
cessare,cessare
cessazione,cessationem
cetra,citharam
che,quem
chetare,quietare
chi,quis
chiavistello,claustellum
chiavo,clavum
chierico,clericum
chiesa,ecclesiam
chinare,clinare
chiocciare,glocire
chiudere,claudere
chiunque,quemcumque
chiusura,clausuram
cibare,cibare
cibazione,cibationem
cibo,cibum
cicala,cicadam
cicerchia,cicerculam
cico,ciccum
cicogna,ciconiam
cicoria,cichorium
cicuta,cicutam
cieco,caecum
ciglio,cilium
cigno,cygnum
cimasa,c?matium
cimbalo,cymbalum
cimice,cimicem
cimosa,cimussam
cincinno,cincinnum
cinquenne,quinquennem
cinto,cinctum
cintura,cincturam
cipero,cyperum
cipolla,cepullam
cipresso,cupressum
circolare,circularem
circondare,circumdare
circondurre,circumducere
circonflettere,circumflectere
circonfluire,circumfluere
circonlocuzione,circumlocutionem
circonvenire,circumvenire
circoscrivere,circumscribere
circumnavigare,circumnavigare
cisterna,cisternam
civico,civicum
clamore,clamorem
clarita,claritatem
claudicare,claudicare
clavicordo,clavichordium
clementissimo,clementissimum
clessidra,clepsydram
climaterico,climactericum
coabitare,cohabitare
coagulazione,coagulationem
cocciniglia,coccinam
cocolla,cucullam
cocomero,cucumerem
codice,codicem
codicillo,codicillum
cogitabondo,cogitabundum
cognato,cognatum
cognome,cognomen
cogolo,cucullum
colare,colere
colecchio,cauliculum
collaudare,collaudare
colle,collem
collegio,collegium
collera,choleram
colletta,collectam
collezione,collectionem
collirio,coll?rium
collo,collum
collocare,collocare
colludere,colludere
colomba,columbam
colombino,columbinum
colombo,columbum
colonia,coloniam
colono,colonum
colorare,colorare
colostro,colostram
colpa,culpam
colpo,colaphum
coltello,cultellum
coltrice,culcitam
coltrice,culcitram
coltro,cultrum
colubrino,colubrinum
columella,columellam
comandare,commendare
comba,cumbam
comburere,comburere
comizio,comitium
commemorazione,commemorationem
commerciale,commercialem
commettere,committere
commiato,commeatum
commiserare,commiserari
commissione,commissionem
commozione,commotionem
commuovere,commovere
commutare,commutare
comodo,commodum
compare,compatrem
comparire,comparere
competenza,competentiam
competere,competere
competitore,competitorem
competizione,competitionem
compiacere,complacere
compiere,complere
compilazione,compilationem
complemento,complementum
completivo,completivum
completo,completum
complicazione,complicationem
comportare,comportare
compratore,comparatorem
comprimere,comprimere
compromettere,compromittere
compungere,compungere
compunzione,compunctionem
comune,communem
comunione,communire
conato,conatum
conazione,conationem
conca,concham
concatenare,concatenare
concavo,concavum
concedere,concedere
concernere,concernere
concettuale,conceptualem
conciliabolo,conciliabulum
concinnita,concinnitatem
conciso,concidere
concitazione,concitationem
conclamare,conclamare
conclamato,conclamatum
concordia,concordiam
concorrere,concurrere
concorso,concursum
concrescere,concrescere
concrezione,concretionem
conculcare,conculcare
condannazione,condemnationem
condensare,condensare
condensazione,condensationem
condiscendere,condescendere
condizione,condicionem
condolersi,condolere
condonare,condonare
condurre,conducere
conduzione,conductionem
confederare,confoederare
confederazione,confoederationem
conferire,conferre
confermazione,confirmationem
confessore,confessorem
confidare,confidere
confine,confinem
confiscare,confiscare
conflitto,conflictum
confluire,confluere
conforme,conformem
confutare,confutare
congio,congium
congiungere,coniungere
congiurare,coniurare
congiurato,coniuratum
congiuratore,coniuratorem
congiurazione,coniurationem
congregare,congregare
coniare,cuneare
coniugare,coniugare
coniugazione,conjugationem
connessione,connexionem
connettere,conectere
conno,cunnum
connubio,conubium
cono,conum
conopeo,conopeum
consacrazione,consecrationem
conscio,conscium
consegnare,consignare
conseguenza,consequentiam
conseguire,consequi
consentire,consentire
conservare,conservare
conservazione,conservationem
considerazione,considerationem
consigliare,conciliare
consiglio,concilium
consiglio,consilium
consistere,consistere
consobrino,consobrinum
consolazione,consolationem
consolida,consolidam
consolidare,consolidare
consolidazione,consolidationem
consonare,consonare
consorte,consortem
consultazione,consultationem
consumazione,consummationem
consumere,consumere
consunzione,consumptionem
contaminazione,contaminationem
contemperare,contemperare
contemplare,contemplari
contendere,contendere
contento,contentum
contenzione,contentionem
contenzioso,contentiosum
contestare,contestari
continuazione,continuationem
continuo,continuum
contorcere,contorquere
contorto,contortum
contradditore,contradictorem
contrarre,contrahere
contribuire,contribuere
contristare,contristare
contrito,contritum
contrizione,contritionem
controversia,controversiam
contumace,contumacem
contumelia,contumeliam
contumelioso,contumeliosum
conturbare,conturbare
conturbazione,conturbationem
convenienza,convenientiam
convenire,convenire
convertire,convertere
convesso,convexum
convinzione,convictionem
convocare,convocare
convocazione,convocationem
convolgere,convolvere
cooperazione,cooperationem
copertura,cooperturam
copioso,copiosum
coppia,copulam
copulare,copulare
copulazione,copulationem
coque,coccum
corbello,corbem
corea,choream
coriaceo,coriaceum
coriandolo,coriandrum
cornio,corneum
coro,chorum
coronide,coronidem
corpuscolo,corpusculum
correggia,corrigiam
correttore,correctorem
corroboramento,corroboramentum
corrodere,corrodere
corrosione,corrosionem
corruscare,coruscare
corruscazione,coruscationem
corrusco,coruscum
corso,corsum
corso,cursum
corte,cohortem
corte,cortem
cortice,corticem
corvino,corvinum
cosciale,coxalem
coscienza,conscientiam
cosso,cossum
costato,costatum
costituire,constituere
costituzione,constitutionem
costrittore,constrictorem
costume,consuetudinem
cote,cotem
cotogna,malumcotonium
cotornice,coturnicem
cottura,cocturam
covare,cubare
crapula,crapulam
creatrice,creatricem
creatura,creaturam
credenza,credentiam
credibile,credibilem
credibilita,credibilitatem
creditore,creditorem
creditrice,creditricem
credulo,credulum
crema,cramum
cremare,cremare
crepatura,crepaturam
crespare,crispare
crespo,crispum
crestato,cristatum
creta,cretam
cribrare,cribrare
criminale,criminalem
crimine,crimen
criminoso,criminosum
crine,crinem
criterio,criterion
crivo,cribrum
crocifero,cruciferum
crollare,corruere
cronico,chronicum
crostolo,crustulum
crostoso,crustosum
crotalo,crotalum
crudele,crudelem
crudelta,crudelitatem
crudita,cruditatem
cruentare,cruentare
cruento,cruentum
ctonio,chthonium
cucina,coquinam
cucinare,coquinare
cucinario,coquinarium
cuculo,cuculum
cucurbita,cucurbitam
cui,cuium
culla,cunam
culmo,culmum
culto,cultum
cultore,cultorem
cumino,cuminum
cumulare,cumulare
cuoco,coquum
cuoio,corium
cuore,cor
cupidita,cupiditatem
cuprico,cuprum
cura,curam
curare,curare
curatura,curaturam
curricolo,curriculum
curvare,curvare
dannare,damnare
dannato,damnatum
dannoso,damnosum
data,data
dato,datum
deambulazione,deambulationem
debellare,debellare
decalvazione,decalvationem
decedere,decedere
decempeda,decempedam
decernere,decernere
decettivo,deceptivum
decettorio,deceptorium
decimale,decimalem
decimare,decimare
decimazione,decimationem
decimo,decimum
declamare,declamare
declinare,declinare
decorare,decorare
decorrere,decurrere
decozione,decoctionem
decremento,decrementum
decretale,decretalem
decreto,decretum
deduzione,deductionem
deferire,deferre
defezione,defectionem
defluire,defluere
deformazione,deformationem
deforme,deformem
deformita,deformitatem
defraudazione,defraudationem
degnare,dignare
degnazione,dignationem
degradazione,degradationem
degustare,degustare
deificare,deificare
deita,deitatem
delatore,delatorem
delazione,delationem
delebile,delebilem
delezione,deletionem
deliberare,deliberare
deliberazione,deliberationem
delinquenza,delinquentiam
delinquere,delinquere
delitto,delictum
delittore,delictorem
delizia,delicias
delubro,delubrum
demonico,daemonicum
demonio,daemonium
denominare,denominare
denominatore,denominatorem
denominazione,denominationem
densare,densare
dentale,dentalem
dentato,dentatum
dentifricio,dentifricium
denudare,denudare
denudazione,denudationem
denunciazione,denuntiationem
deperdizione,deperditionem
deperire,deperire
deperizione,deperitionem
deplorare,deplorare
deportare,deportare
deprecare,deprecari
depredare,depraedari
depredazione,depraedationem
deprimere,deprimere
depurare,depurare
derisione,derisionem
derisorio,derisorium
descrivere,describere
descrizione,descriptionem
deserto,desertum
desiderare,desiderare
desidia,desidiam
desinenza,desinentiam
desolare,desolare
desolazione,desolationem
desterita,dexteritatem
destinare,destinare
destituire,destituere
destro,dextrum
desultorio,desultorium
desumere,desumere
detenere,detinere
detenzione,detentionem
detergere,detergere
deteriorazione,deteriorationem
determinare,determinare
determinazione,determinationem
detestare,detestari
detestazione,detestationem
detrarre,detrahere
detto,dictum
deviare,deviare
deviazione,deviationem
devolvere,devolvere
diabolico,diabolicum
dialetto,dialecton
diavolo,diabolum
dicace,dicacem
dicevole,decibilem
difensione,defensionem
difensore,defensorem
difesa,defensam
diffamare,diffamare
diffamatorio,diffamatorium
differire,differre
diffondere,diffundere
digestivo,digestivum
digitale,digitalem
digitare,digitare
digiunare,ieiunare
digiuno,ieiunium
dilacerar,dilacerare
dileguare,deliquare
dilettazione,delectationem
dilezione,dilectionem
diligere,diligere
diluire,diluere
dimensione,dimensionem
dimenticare,dementare
dimettere,dimittere
diminuire,diminuere
dimorare,demorari
dimostrare,demonstrare
dimostrazione,demonstrationem
dio,deum
dionisiaco,dion?siacum
dipendere,dependere
dirimere,dirimere
dirompere,dirumpere
discendere,descendere
disceso,descensum
discingere,discingere
discorrere,discurrere
discorsivo,discursivum
discrepanza,discrepantiam
discrepare,discrepare
discrezione,discretionem
discriminazione,discriminationem
diserto,disertum
diserzione,desertionem
disparire,disparere
dispartire,dispartire
dispensare,dispensare
disperare,desperare
disperato,desperatum
disperazione,desperationem
disperdere,disperdere
dispergere,dispergere
disperire,disperire
dispettare,despectare
dispiegare,displicare
disporre,disponere
disposare,desponsare
disposizione,dispositionem
disprendere,deprehendere
disquisizione,disquisitionem
dissecare,dissecare
disseccare,desiccare
disseccazione,desiccationem
disseminare,disseminare
dissenso,dissensum
dissimile,dissimilem
dissimulazione,dissimulationem
dissonare,dissonare
dissuadere,dissuadere
distendere,distendere
distillare,destillare
distillazione,distillationem
distinto,distinctum
distorcere,distorquere
distorsione,distortionem
distrarre,distrahere
distrazione,distractionem
distretto,districtum
distruggere,destruere
distruzione,destructionem
disturbare,disturbare
dittamo,dictamnum
dittongo,diphthongum
divenire,devenire
diverbio,diverbium
divertire,divertere
divinare,divinare
divinazione,divinationem
divorazione,devorationem
divulgare,divulgare
divulgazione,divulgationem
dizione,dictionem
doccia,ductionem
doglio,dolium
dolcificare,dulcificare
dolcitudine,dulcitudinem
doloroso,dolorosum
dolosita,dolositatem
doloso,dolosum
domandare,demandare
domare,domare
domenicale,dominicalem
domestico,domesticum
domicilio,domicilium
dominio,dominium
dono,donum
doppio,duplum
dorare,deaurare
dormitorio,dormitorium
dotare,dotare
dotazione,dotationem
dotto,ductum
dottore,doctorem
dovere,debere
drappello,drappum
dubbieta,dubietatem
dubbio,dubium
dubitare,dubitare
dubitazione,dubitationem
ducato,ducatum
duecento,ducentos
dulcamara,dulcamaram
duolo,dolum
duplice,duplicem
duracina,duracinum
durare,durare
durazione,durationem
duro,durum
ebano,hebenum
ebbio,ebulum
ebbro,ebrium
ebdomadario,hebdomadarium
ebete,hebetem
ebreo,hebraeum
eburneo,eburneum
eccellenza,excellentiam
eccellere,excellere
eccelso,excelsum
eccepire,excipere
eccessivo,excessivum
ecco,eccum
eclissi,eclipsem
edicola,aediculam
edificare,aedificare
edima,hebdomadem
editto,edictum
effeminare,effeminare
efficace,efficacem
effingere,effingere
effluire,effluere
effondere,effundere
egiziaco,aegyptiacum
egizio,aegyptium
egregio,egregium
egro,aegrum
elce,ilicem
elefantino,elephantinum
elemosina,eleemosynam
elenco,elenchum
elevare,elevare
elezione,electionem
elidere,elidere
eliminare,eliminare
eliminazione,eliminationem
elio,helium
ellissi,ellipsin
elongazione,elongationem
eloquio,eloquium
elucubrare,elucubrare
eludere,eludere
emacita,emacitatem
emancipazione,emancipationem
ematite,haematiten
emendare,emendare
emergere,emergere
emettere,emittere
emicrania,hemicraniam
emolumento,emolumentum
empio,impium
emulatore,aemulatorem
emulatrice,aemulatricem
emulo,aemulum
emungere,emungere
enarrazione,enarrationem
encomio,encomium
ente,ens
epiglottide,epiglottidem
epopto,epoptum
equanime,aequanimem
equanimita,aequanimitatem
equilibrio,aequilibrium
equiparare,aequiperare
equisono,aequisonum
equivalere,aequivalere
equivocare,aequivocare
equo,aequum
era,aeram
erario,aerarium
erbaceo,herbaceum
erbario,herbarium
erboso,herbosum
erede,heredem
eredita,hereditatem
eremitico,eremiticum
eremo,eremum
eremo,heremum
eretico,haereticum
ergastolo,ergastulum
ergere,erigere
eroe,heroem
erogare,erogare
erogazione,erogationem
erompere,erumpere
eroso,aerosum
errabondo,errabundum
errare,errare
erudire,erudire
esacerbazione,exacerbationem
esagerazione,exaggerationem
esagitare,exagitare
esalare,exhalare
esaltare,exaltare
esaminare,examinare
esasperazione,exasperationem
esaudire,exaudire
esaurire,exhaurire
esautorare,exauctorare
eschio,aesculum
escludere,excludere
escogitare,excogitare
escogitazione,excogitationem
escoriare,excoriare
escremento,excrementum
esculento,esculentum
escursione,excursionem
escutere,excutere
esecrare,exsecrari
esecrazione,exsecrationem
eseguire,exsequi
esemplare,exemplarem
esequie,exsequiam
esequie,exsequias
esercire,exercere
esercito,exercitum
esibire,exhibere
esigere,exigere
esiguo,exiguum
esistere,existere
esitare,haesitare
esito,exitum
esiziale,exitialem
esizio,exitium
esordire,exordiri
esortare,exhortari
esortazione,exhortationem
espettazione,exspectationem
espirare,exspirare
espirazione,exspirationem
esplicazione,explicationem
esporre,exponere
esportazione,exportationem
esprimere,exprimere
espugnare,expugnare
espugnazione,expugnationem
espungere,expungere
espurgazione,expurgationem
essiccare,exsiccare
essiccazione,exsiccationem
esso,ipsum
estasi,extasem
estate,aestatem
estendere,extendere
estensivo,extensivum
estero,exterum
estinguere,extinguere
estirpare,exstirpare
estirpazione,exstirpationem
estivo,aestivum
esto,istum
estorcere,extorquere
esulcerazione,exulcerationem
esultazione,exsultationem
esultazione,exultationem
eta,aetatem
etere,aetherem
etereo,aetherium
etologia,ethologiam
evincere,evincere
evirare,evirare
evo,aevum
evocazione,evocationem
evoluzione,evolutionem
evolvere,evolvere
evonimo,euonymon
fabbricare,fabricare
fabbricazione,fabricationem
fabbro,fabrum
facciale,facialem
faceto,facetum
facezia,facetiam
facilita,facilitatem
facondo,facundum
faina,faginum
falange,phalangem
faldistorio,faldistolium
falsare,falsare
fama,famam
famoso,famosum
famulo,famulum
farcire,farcire
farea,parean
faretra,pharetram
farinoso,farinosum
farmaceutico,pharmaceuticum
farmaco,pharmacum
farnia,farnum
farragine,farraginem
farro,far
farro,farreum
fascino,fascinum
fascio,fascem
fasciola,fasciolam
fastidio,fastidium
fastidioso,fastidiosum
fastidire,fastidire
fasto,fastum
faticare,fatigare
fato,fatum
fattore,factorem
fauci,fauces
fausto,faustum
fava,fabam
favella,fabellam
favolare,fabulari
favoloso,fabulosum
favore,favorem
fecolento,faeculentum
fecondo,fecundum
fede,fidem
fedele,fidelem
fedelta,fidelitatem
fedifrago,foedifragum
fedo,foedus
felice,felicem
felicita,felicitatem
fellone,fellare
femmina,feminam
femminino,femininum
femorale,femoralem
femore,femur
fendere,findere
feneratore,faeneratorem
fenicio,phoeniceum
fenicio,phoenicium
feretro,feretrum
feria,ferias
ferire,ferire
ferita,feritatem
fermentazione,fermentationem
fermento,fermentum
fermio,fermium
fermo,firmum
ferraio,ferrarium
ferrato,ferratum
ferreo,ferreum
ferrugine,ferruginem
fervere,fervere
festinare,festinare
festivita,festivitatem
festivo,festivum
festo,festum
fetere,fetere
fetido,fetidum
fetore,fetorem
fiacco,flaccum
fiamma,flammam
fiato,flatum
fibula,fibulam
ficcare,figere
fico,ficum
fidare,fidere
fido,fidum
fiducia,fiduciam
fieno,faenum
fiera,feram
fiero,ferum
fievole,flebilem
figliastro,filiastrum
figliolo,filiolum
figura,figuram
filiale,filialem
filosofia,philosophiam
fimbriato,fimbriatum
fimo,fimum
finalita,finalitatem
fine,finem
finestra,fenestram
finocchio,fenuculum
finzione,fictionem
fioccoso,floccosum
fiocina,fuscinam
fionda,fundam
fiorire,florere
fiosso,fossulam
fiotto,fluctum
fire,fieri
fisco,fiscum
fisico,physicum
fissione,fissionem
fiume,flumen
flagrare,flagrare
flemma,phlegma
flessibilita,flexibilitatem
flessione,flexionem
flesso,flexum
flettere,flectere
florido,floridum
florilegio,florilegium
fluire,fluere
fluitare,fluitare
fluviale,fluvialem
foca,phocam
focaia,focarium
foce,faucem
foglioso,foliosum
folaga,fulicam
folgorare,fulgurare
folgore,fulgorem
folgore,fulgur
follicolo,folliculum
fomento,fomentum
fondamenta,fundamentum
fondatore,fundatorem
fontana,fontanam
fonte,fontem
forare,forare
forense,forensem
forfora,furfurem
forma,formam
formaggio,formaticum
formicola,formiculam
formoso,formosum
fornacchia,fornaculam
fornace,fornacem
fornicare,fornicari
fornicatore,fornicatorem
foro,forum
forte,fortem
fortificare,fortificare
fortitudine,fortitudinem
fortuito,fortuitum
foruncolo,furunculum
fossa,fossam
fossato,fossatum
fragno,farneum
francese,francensem
frangere,frangere
frassino,fraxinum
fratello,fratellum
fraternal,fraternalem
fraterno,fraternum
freddo,frigidum
fremere,fremere
fremito,fremitum
frenare,frenare
frequentare,frequentare
frequente,frequentem
frigidita,frigiditatem
fringuello,fringillam
frizione,frictionem
frondoso,frondosum
frontale,frontalem
frontone,frontonem
fruire,frui
frusta,frustam
fruttuoso,fructuosum
fuco,fucum
fugace,fugacem
fugare,fugare
fulcro,fulcrum
fulgere,fulgere
fuliggine,fuliginem
fulminare,fulminare
fulvo,fulvum
fumaiolo,fumariolum
fumoso,fumosum
fune,funem
funebre,funebrem
funeratizio,funeraticium
funereo,funereum
funesto,funestum
fungere,fungi
fungoso,fungosum
funicolo,funiculum
furetto,furem
furibondo,furibundum
furore,furari
furtivo,furtivum
furto,furtum
fustigare,fustigare
fusto,fustem
galena,galenam
galero,galerum
galla,gallam
galletta,galletam
gallicinio,gallicinium
gallo,gallum
gamba,gambam
garrire,garrire
garrulo,garrulum
gastaldo,gastaldum
gatta,cattam
gaudio,gaudium
gavetta,gabatam
gelare,gelare
gelo,gelu
geloso,zelosum
gemello,gemellum
geminare,geminare
geminazione,geminationem
gemito,gemitum
gemma,gemmam
gemmula,gemmulam
genere,genus
geniale,genialem
genitivo,genitivum
genitrice,genetricem
gentile,gentilem
gentilita,gentilitatem
geografia,geographiam
geometria,geometriam
gerarca,hierarcham
germanico,germanicum
germano,germanum
germe,germen
gerundio,gerundium
gesso,gypsum
gettare,iactare
getto,iactum
ghiaccio,glaciem
ghiado,gladium
ghiaia,glaream
ghiaioso,glareosum
ghiottone,gluttonem
ghiro,glirem
giada,ile
giaggiolo,gladiolum
giallo,galbinum
gianicolo,ianiculum
gibbo,gibbum
ginepro,iuniperum
giocondita,iucunditatem
giocondo,iucundum
giocoso,iocosum
giornale,diurnalem
giovare,iuvare
giovenca,iuvencam
giovenco,iuvencum
girare,g?rare
giuba,iubam
giubbato,iubatum
giubilare,iubilare
giudeo,iudaeum
giudicabile,iudicabilem
giudicativo,iudicativum
giudicato,iudicatum
giudicatore,iudicatorem
giudicatorio,iudicatorium
giudicatrice,iudicatricem
giudiziale,iudicialem
giudiziario,iudiciarium
giudizio,iudicium
giuggiola,zizyphum
giugolo,iugulum
giugulare,iugulare
giuliano,iulianum
giumento,iumentum
giungere,iungere
giuniore,iuniorem
giuntura,iuncturam
giuramento,iuramentum
giurativo,iurativum
giuratore,iuratorem
giuratorio,iuratorium
giure,ius
giureconsulto,iureconsultum
giuridico,iuridicum
giurisprudente,iurisprudentem
giurisprudenza,iurisprudentiam
giustificatore,iustificatorem
giustificazione,iustificationem
giusto,iustum
glauco,glaucum
gloriare,gloriari
gloriosissimo,gloriosissimum
glossa,glossam
glottide,glottidem
glutine,gluten
gobione,gobium
godere,gaudere
gola,gulam
gonfiare,conflare
gonna,gunnam
gonorrea,gonorrhoeam
gotto,guttum
governatore,gubernatorem
governatrice,gubernatricem
gozzo,geusias
gracchia,graculam
gracile,gracilem
grado,gradum
gramigna,gramineum
granaio,granarium
granato,granatum
grande,grandem
grandine,grandinem
grano,granum
grata,cratem
graticcio,craticium
graticola,craticulam
grato,gratum
gratuito,gratuitum
gravare,gravare
gravido,gravidum
gravitazione,gravitationem
grazioso,gratiosum
gregge,gregem
grembo,gremium
grifo,gryphem
gronda,grundam
grongo,congrum
grugnire,grunnire
grumo,grumum
guardare,wardare
guastare,vastare
gustazione,gustationem
iaspide,iaspidem
ibis,ibemibin
ibrido,hybridam
identico,identicum
idoneita,idoneitatem
idoneo,idoneum
iemale,hiemalem
ignaro,ignarum
igne,ignem
igneo,igneum
ignobile,ignobilem
ignominia,ignominiam
ignorare,ignorare
ignoscere,ignoscere
ilare,hilarem
illazione,illationem
illegale,illegalem
illune,illunem
illusione,illusionem
illustre,illustrem
ilo,hilum
imbecille,imbecillum
imbecillita,imbecillitatem
imberbe,imberbem
imbevere,imbibere
imbrifero,imbriferum
immacolato,immaculatum
immaginativo,imaginativum
immagine,imaginem
immaginoso,imaginosum
immarcescibile,immarcescibilem
immaturita,immaturitatem
immaturo,immaturum
immediato,immediatum
immergere,immergere
imminente,imminere
immolare,immolare
immolazione,immolationem
immune,immunem
impartire,impartire
impavido,impavidum
impedimento,impedimentum
impedire,impedire
impellere,impellere
imperare,imperare
imperatrice,imperatricem
imperiale,imperialem
imperioso,imperiosum
imperito,imperitum
impero,imperium
impetigine,impetiginem
impeto,impetum
impetrare,impetrare
impingere,impingere
implicare,implicare
implorare,implorare
impluvio,impluvium
importunita,importunitatem
imposizione,impositionem
imprecare,imprecari
improntare,promutuari
impudico,impudicum
impugnare,impugnare
impulsione,impulsionem
impulsivo,impulsivum
impulso,impulsum
inalare,inhalare
inalbare,inalbare
inaudito,inauditum
incantare,incantare
incarnare,incarnare
incarnazione,incarnationem
incauto,incautum
incedere,incedere
incendere,incendere
incendiario,incendiarium
incendio,incendium
incenso,incensum
incettare,inceptare
inchiedere,inquirere
incidere,incidere
incitazione,incitationem
inclito,inclitum
incombere,incumbere
incompetente,incompetentem
inconcusso,inconcussum
inconseguente,inconsequentem
inconveniente,inconvenientem
incorrere,incurrere
incostante,inconstantem
incredibile,incredibilem
incremento,incrementum
incubo,incubum
incudine,incudem
inculcare,inculcare
incurioso,incuriosum
incurvare,incurvare
indagare,indagare
indefinito,indefinitum
indegnita,indignitatem
indegno,indignum
indigenza,indigentiam
indigere,indigere
indignare,indignari
indignazione,indignationem
indiscrezione,indiscretionem
indizio,indicium
indole,indolem
indulgere,indulgere
indurare,indurare
inebriare,inebriare
infanzia,infantiam
infelice,infelicem
inferibile,inferibilem
inferiore,inferiorem
inferire,inferre
infermita,infirmitatem
infermo,infirmum
infero,inferum
infestare,infestare
infezione,infectionem
infiammazione,inflammationem
infiggere,infigere
infimo,infimum
infirmare,infirmare
inflazione,inflationem
inflessione,inflectionem
inflettere,inflectere
inflizione,inflictionem
influire,influere
infondere,infundere
informe,informem
infrangere,infringere
infrenare,infrenare
ingegno,ingenium
ingenerare,ingenerare
ingerire,ingerere
ingiudicato,iniudicatum
ingiunzione,iniunctionem
ingiuria,iniuriam
ingiuriatore,iniuriatorem
ingiurioso,iniuriosum
ingiusto,iniustum
inglese,anglensem
ingrato,ingratum
inguine,inguen
iniezione,iniectionem
inimicare,inimicare
inimicizia,inimicitiam
iniquo,iniquum
iniziale,initialem
inizio,initium
inno,hymnum
innocuo,innocuum
innovazione,innovationem
inondare,inundare
inquietare,inquietare
inquietudine,inquietudinem
inquilinato,inquilinatum
inquilino,inquilinum
inquinare,inquinare
insanabile,insanabilem
insano,insanum
insegna,insigne
insegnare,insignare
inseguire,insequi
inserire,inserere
inserzione,insertionem
insidiare,insidiari
insigne,insignem
insinuare,insinuare
insolito,insolitum
insonne,insomnem
instaurare,instaurare
insulare,insularem
insulso,insulsum
insulto,insultum
integrare,integrare
intelletto,intellectum
intellezione,intellectionem
intento,intentum
intenzione,intentionem
intercedere,intercedere
intercidere,intercidere
intercludere,intercludere
interdire,interdicere
interiettivo,interiectivum
interlunio,interlunium
intermettere,intermittere
intero,integrum
interporre,interponere
interpretabile,interpretabilem
interpretare,interpretari
interpungere,interpungere
interrompere,interrumpere
interruzione,interruptionem
intimazione,intimationem
introduzione,introductionem
introito,introitum
inulto,inultum
inumanita,inhumanitatem
inusitato,inusitatum
inventore,inventorem
inventrice,inventricem
invernale,hibernalem
invertire,invertere
investigazione,investigationem
investire,investire
invidia,invidiam
invidioso,invidiosum
invigilare,invigilare
invitare,invitare
invitazione,invitationem
invitto,invictum
involgere,involvere
ipetro,hypaethrum
ipnotico,hypnoticum
ipogeo,hypogaeum
ipoteca,hypothecam
ira,iram
iracondia,iracundiam
iracondo,iracundum
irascibile,irascibilem
irato,iratum
ircino,hircinum
irregolare,irregularem
irrequieto,irrequietum
irrigare,irrigare
irrogare,irrogare
irrompere,irrumpere
irsuto,hirsutum
iscrivere,inscribere
isolato,insulatum
ispanico,hispanicum
issopo,h?sopum
istituire,instituere
istrione,histrionem
istruire,instruere
ITALIAN,LATIN-CORRECT
italiano,italianum
iter,iter
iterare,iterare
iterazione,iterationem
itinerario,itinerarium
iugero,iugerum
labbro,labrum
labiale,labialem
laboratorio,laboratorium
lacciaia,lassare
lacerare,lacerare
lacrima,lacrimam
lacrimare,lacrimare
lacrimazione,lacrimationem
lacrimoso,lacrimosum
lacustre,lacustrem
laico,laicum
lama,lamam
lambire,lambere
lambrusca,labruscam
lamentare,lamentare
lamento,lamentum
lampada,lampadem
lanciare,lanceare
languido,languidum
languore,languorem
lanoso,lanosum
lapazza,alapam
lapidare,lapidare
lapidazione,lapidationem
lapide,lapidem
lapillo,lapillum
largo,largum
larva,larvam
lasagna,lasanum
lasso,lassum
lasso,laxum
laterizio,latericium
latifondo,latifundium
latitare,latitare
latitudine,latitudinem
lato,latum
latomia,lautumiam
latrare,latronem
lattaio,lactarium
lattare,lactare
latteo,lacteum
latticino,lacticinium
laureato,laureatum
lauro,laurum
lauroceraso,laurocerasum
lavatoio,lavatorium
lavazione,lavationem
lavorare,laborare
lavoratore,laboratorem
lavoro,laborem
leale,legalem
lebbra,lepram
legame,ligamen
legamento,ligamentum
legato,legatum
legge,legem
leggere,legere
leggio,logeum
leguleio,leguleium
lemma,lemma
lene,lenem
lento,lentum
leonato,leonatum
leopardo,leopardum
leproso,leprosum
lesso,elixum
letizia,laetitiam
lettera,litteram
lettiga,lecticam
letto,lectum
lettore,lectorem
levigare,levigare
libare,libare
libellula,libellulam
liberalita,liberalitatem
liberatore,liberatorem
liberazione,liberationem
libido,libidinem
libraio,librarium
libro,liberum
lieto,laetum
ligazione,ligationem
ligneo,ligneum
ligustro,ligustrum
lima,limam
limaccia,limacem
limare,limare
limine,limen
limitare,limitare
limitrofo,limitrophum
limo,limum
limoso,limosum
limpido,limpidum
lince,lyncem
linea,lineam
lineare,lineare
lingula,lingulam
lino,lineum
liquame,liquamen
lirico,lyricum
lirista,lyristen
lite,litem
litigare,litigare
littore,lictorem
liturgia,liturgiam
livello,libellam
locale,localem
locare,locare
locazione,locationem
locello,locellum
locuzione,locutionem
lodatore,laudatorem
lode,laudem
loglio,lolium
logomachia,logomachiam
lombo,lumbum
longanimita,longanimitatem
longevo,longaevum
longinquita,longinquitatem
longitudine,longitudinem
lontra,lutram
loquace,loquacem
lordo,luridum
lorica,loricam
losco,luscum
loto,lutum
lotoso,lutosum
lottare,luctari
lubricare,lubricare
lubricita,lubricitatem
lubrico,lubricum
luccio,lucium
lucerna,lucernam
lucido,lucidum
lucifero,luciferum
lucignolo,ellychnium
lucrare,lucrari
lucro,lucrum
luculento,luculentum
lucumone,lucumonem
ludibrio,ludibrium
luganiga,lucanicam
lugano,lucum
luminare,luminare
luminaria,luminare
luminoso,luminosum
lunare,lunarem
lunazione,lunationem
lunula,lunulam
lupa,lupam
lupanare,lupanar
lusso,luxum
lussuria,luxuriam
lustrare,lustrare
lustro,lustrum
lutto,luctum
lux,lucem
macchia,maculam
macchiare,maculare
macchioso,maculosum
macellaio,macellarium
macello,macellum
madido,madidum
madore,madorem
madre,matrem
madrigale,matricalem
maesta,maiestatem
magico,magicum
magnate,magnatem
magnesio,magnesium
magnitudo,magnitudinem
magno,magnum
mago,magum
maialeligurian,maialem
male,malum
maledire,maledicere
malfare,malefacere
malfattore,malefactorem
maligno,malignum
malta,maltham
malva,malvam
mammella,mamillam
mammona,mammonam
mandare,mandare
mandria,mandram
manfano,mamphurem
mangiare,manducare
manica,manicam
manifestare,manifestare
manifesto,manifestum
manipolo,manipulum
mannaia,manuarium
mansione,mansionem
mansuetudine,mansuetudinem
mantenere,manutenere
mantice,manticam
manubrio,manubrium
mappa,mappam
marangone,mergum
marcio,marcidum
margherita,margaritam
marisca,mariscam
maritale,maritalem
maritare,maritare
marito,maritum
marra,marram
marrubio,marrubium
marsupio,marsupium
martello,martellum
martire,martyrem
mascellare,maxillarem
maschio,masculum
mascolino,masculinum
massa,massam
matassa,mataxam
maternita,maternitatem
materno,maternum
matricola,matriculam
matrimonio,matrimonium
mattare,mactare
mattutino,matutinum
maturare,maturare
maturo,maturum
meato,meatum
mediale,medialem
mediare,mediare
medicamento,medicamentum
medicare,medicare
medicatore,medicatorem
medicinale,medicinalem
mediterraneo,mediterraneum
mela,malum
melleo,melleum
mellito,mellitum
melodia,melodiam
melone,melonem
membranaceo,membranaceum
memorare,memorare
memore,memorem
mendace,mendacem
mendacio,mendacium
mendelevio,mendelevium
mendicare,mendicare
mendico,mendicum
mensa,mensam
mentastro,mentastrum
mento,mentum
meraviglia,mirabilem
merce,mercem
merda,merdam
merenda,merendam
meretrice,meretricem
meretricio,meretricium
mergere,mergere
meridionale,meridionalem
meriggiare,meridiare
meritare,merere
merito,meritum
meritorio,meritorium
mero,merum
mescere,miscere
mese,mensem
messe,messem
mestiere,ministerium
mesto,maestum
meta,metam
metallifero,metalliferum
metallo,metallum
meticcio,mixticium
meticoloso,meticulosum
metro,metrum
mettere,mittere
mezzo,medium
mica,micam
micio,musionem
mietere,metere
miglia,millia
migliaio,milliarium
migliorare,meliorare
migliore,meliorem
mignano,maenianum
migrare,migrare
miliare,milliarium
militare,militare
milite,militem
minaccia,minacem
minchia,mentulam
mingere,mingere
minore,minorem
minugia,minutiam
minuire,minuere
miracolo,miraculum
mirtillo,myrtillum
mirto,myrtum
miscela,miscellum
miscellaneo,miscellaneum
mistico,mysticum
mistura,misturam
misura,mensuram
misurare,mensurare
mite,mitem
mitigare,mitigare
mitigazione,mitigationem
moderare,moderari
moderatore,moderatorem
modico,modicum
modulare,modulari
molare,molarem
molcere,mulcere
molecola,moleculam
mollezza,mollitiam
mollire,mollire
moltiplicazione,multiplicationem
monastero,monasterium
mondo,mundum
moneta,monetam
monnezza,immunditiam
monopolio,monopolium
montagnoso,montaniosum
montuoso,montuosum
morbo,morbum
morchia,amurcam
mordace,mordacem
mordere,mordere
moribondo,moribundum
morire,mori
morso,morsum
mortadella,murtatum
mortaio,mortarium
mortalita,mortalitatem
mortifero,mortiferum
mortuario,mortuarium
mosca,muscam
moscio,musteum
mosto,mustum
mostrare,monstrare
mostruoso,monstruosum
motivo,motivum
moto,motum
motto,muttum
movimento,movimentum
mozione,motionem
mozzo,modium
mucoso,mucosum
muggine,mugilem
muggire,mugire
muggito,mugitum
muliebre,muliebrem
mulino,molinum
mulo,mulum
multa,multam
multare,multare
multitudine,multitudinem
munerazione,munerationem
mungere,mulgere
municipale,municipalem
municipio,municipium
munificenza,munificentiam
munifico,munificum
muno,munus
muovere,movere
muraglia,muralem
murena,murenam
muria,muriam
murice,muricem
muscolare,muscularem
muscoloso,musculosum
mussitare,mussitare
mutuare,mutuari
mutuo,mutuum
nablo,nablum
nafta,naphtham
nano,nanum
napoletano,neapolitanum
narrare,narrare
naso,nasum
nassa,nassam
nasuto,nasutum
natale,natalem
natalizio,natalicium
natatorio,natatorium
natica,natem
nativita,nativitatem
nato,natum
natrice,natricem
natura,naturam
naufragare,naufragare
naufragio,naufragum
nausea,nausiam
nave,navem
navicella,navicellam
navigare,navigare
navigio,navigium
nazianzeno,nazianzenum
nazione,nationem
nebbia,nebulam
nefasto,nefastum
negare,negare
negligenza,neglegentiam
negligere,neglegere
negoziazione,negotiationem
negozio,negotium
nembo,nimbum
nemesi,nemesem
nemorale,nemoralem
nenia,neniam
nequizia,nequitiam
nerezza,nigritiam
nervo,nervum
nervoso,nervosum
nesci,nescire
nescio,nescium
nespola,mespilum
nesso,nexum
nettare,nectar
nettareo,nectareum
nevoso,nivosum
nidiforme,nidiformem
nido,nidum
nidore,nidorem
nimo,neminem
ninfa,nympham
nipitella,nepetam
niveo,niveum
noceto,nucetum
nocivo,nocivum
nocumento,nocumentum
nocuo,nocuum
nodoso,nodosum
noi,nos
nolo,naulum
nominare,nominare
nominazione,nominationem
nonna,nonnam
nonno,nonnum
norma,normam
nosocomio,nosocomium
nossale,noxalem
notare,notare
notorio,notorium
noverare,annumerare
novilunio,novilunium
novizio,novicium
nozze,nuptias
nube,nubem
nume,numen
numerare,numerare
numeratore,numeratorem
numero,numerum
numerosita,numerositatem
numeroso,numerosum
nuocere,nocere
nuotare,natare
nuovo,novum
nutricare,nutricare
nutrice,nutricem
nutrire,nutrire
nuvoloso,nubilosum
obbligare,obligare
obbligazione,obligationem
obiettivo,objectivum
obito,obitum
obiurgare,obiurgare
obiurgazione,obiurgationem
oblazione,oblationem
obliare,oblivisci
oblio,oblivium
obliterare,oblitterare
oblivione,oblivionem
oblivioso,obliviosum
obnubilare,obnubilare
occasione,occasionem
occidentale,occidentalem
occidente,occidentem
occludere,occludere
occorrere,occurrere
occultare,occultare
oculare,ocularem
oculato,oculatum
odiare,odisse
odierno,hodiernum
odio,odium
odore,odorem
offertorio,offertorium
officina,officinam
offrire,offerre
oggetto,obiectum
ogni,omnem
oleato,oleatum
oleoso,oleosum
olfattorio,olfactorium
oligarca,oligarcham
oligarchico,oligarchicum
olire,olere
olla,ollam
omaso,omasum
ombra,umbram
ombroso,umbrosum
omento,omentum
omicidiale,homicidalem
omicidio,homicidium
onagro,onagrum
oncia,unciam
ondare,undare
ondisono,undisonum
onere,onus
onesta,honestatem
onisco,oniscum
onnisciente,omniscientem
onomatopea,onomatopoeiam
onorabile,honorabilem
onorario,honorarium
onore,honorem
onorificenza,honorificentiam
onorifico,honorificum
onusto,onustum
operaio,operarium
operare,operari
operoso,operosum
opimo,opimum
oppilazione,oppilationem
opporre,opponere
opportunita,opportunitatem
opulento,opulentum
opulenza,opulentiam
opuscolo,opusculum
orare,orare
oratore,oratorem
oratrice,oratricem
orazione,orationem
orbe,orbem
orbo,orbum
orchestra,orchestram
orco,orcum
ordinario,ordinarium
orecchia,oriclam
orefice,aurificem
organismo,organismum
oricalco,orichalcum
orientale,orientalem
oriente,orientem
origano,origanum
originario,originarium
origine,originem
oriundo,oriundum
orizzonte,horizonta
ornare,ornare
ornato,ornatum
ornitorinco,ornithorhynchum
orpimento,auripigmentum
orrendo,horrendum
orrido,horridum
orrifico,horrificum
orripilazione,horripilationem
orso,ursum
orticaria,urticariam
orto,hortum
orzo,hordeum
osare,audere
oscillazione,oscillationem
osculazione,osculationem
osculo,osculum
oscuro,obscurum
ospedale,hospitale
ospitare,hospitare
ospizio,hospitium
ossario,ossarium
ossedere,obsidere
ossequio,obsequium
ostare,obstare
ostensivo,ostensivum
ostentare,ostentare
ostetrica,obstetricem
ostia,hostiam
ostile,hostilem
ostio,ostium
ostro,austrum
ostro,ostrum
otre,utrum
ottavo,octavum
ottenere,obtinere
ottenne,octennem
ottundere,obtundere
ovviare,obviare
ovvio,obvium
ozio,otium
ozioso,otiosum
pacificazione,pacificationem
pacifico,pacificum
padella,patellam
padiglione,papilionem
padre,patrem
paese,pagensem
paganita,paganitatem
pagella,pagellam
pagliaio,palearium
paguro,pagurum
paio,parem
pala,palam
palato,palatum
palestra,palaestram
palio,pallium
pallore,pallorem
palmare,palmarem
palmario,palmarium
palmo,palmum
palo,palum
palombaro,palumbarium
palombo,palumbum
palpebra,palpebram
palpitare,palpitare
paludamento,paludamentum
palude,paludem
paludoso,paludosum
pampino,pampinum
panacea,panaceam
paniccia,panicium
paniere,panarium
panno,pannum
pannocchia,paniculam
pannoso,pannosum
papa,papam
papavero,papaver
papiro,pap?rum
pappare,pappare
paradosso,paradoxum
paragrafo,paragraphum
parare,parare
parietale,parietalem
paronomasia,paronomasiam
parsimonia,parcimoniam
parsimonia,parsimoniam
particola,particulam
particolare,particularem
partire,partire
partizione,partitionem
parto,partum
partorire,parturire
passare,pandere
passero,passerem
pasta,pastam
pastinaca,pastinacam
pasto,pastum
pastore,pastorem
patire,pati
patria,patriam
patriarca,patriarcham
patriarcato,patriarchatum
patrizio,patricium
patrocinio,patrocinium
patronato,patronatum
patto,pactum
paura,pavorem
pausa,pausam
pavido,pavidum
pavimento,pavimentum
peana,paeanem
peccare,peccare
peccatore,peccatorem
pecchia,apiculam
pecora,pecus
peculio,peculium
pecunia,pecuniam
pecuniario,pecuniarium
pedestre,pedestrem
pedicello,pedicellum
peggiore,peiorem
pelago,pelagus
pelare,pilare
pellaio,pellarium
pellicano,pelecanum
pellicola,pelliculam
pendere,pendere
pendolo,pendulum
pensile,pensilem
pentirsi,paenitere
peone,paeonem
peonia,paeoniam
pepe,piper
pera,peram
peragrare,peragrare
percolare,percolare
percolazione,percolationem
percorrere,percurrere
perdere,perdere
perdurre,perducere
peregrinare,peregrinari
perfido,perfidum
pergiurio,periurium
pergiuro,periurum
pergola,pergulam
periclitare,periclitari
pericoloso,periculosum
peristilio,perist?lium
peritarsi,pigritari
perito,peritum
perizia,peritiam
permanere,permanere
permettere,permittere
permissione,permissionem
pernicie,perniciem
pernicioso,perniciosum
perone,peronem
perpetrare,perpetrare
perpetuazione,perpetuatonem
perpetuita,perpetuitatem
perscrutare,perscrutari
persecutore,persecutorem
perseguire,persequi
persica,persicam
perspicuita,perspicuitatem
perspicuo,perspicuum
persuadere,persuadere
pertenere,pertinere
pertica,perticam
perturbare,perturbare
perturbazione,perturbationem
pervenire,pervenire
pervertire,pervertere
pesare,pensare
peso,pensum
pestare,pistare
peste,pestem
petazzo,pittacium
peto,peditum
pettinare,pectinare
pezzire,petere
pianeta,planetam
piangere,plangere
piano,planum
piantare,plantare
pianto,planctum
pica,picam
picchio,picum
pietica,pedicam
pigrizia,pigritiam
pigroesperanto,pigrum
pila,pilam
pingue,pinguem
pinnacolo,pinnaculum
pinto,pictum
pio,pium
piombaggine,plumbaginem
piomboso,plumbosum
piorare,plorare
piovoso,pluviosum
pipare,pipare
pistrino,pistrinum
pittare,pingere
pittore,pictorem
pittura,picturam
piuma,plumam
pizia,p?thiam
pizio,p?thium
placido,placidum
plagiare,plagiare
plagio,plagium
planare,planarium
platano,platanum
platea,plateam
plenita,plenitatem
plumbeo,plumbeum
plurivoco,plurivocum
poco,paucum
polio,polium
pollare,pullare
pollario,pullarium
pollice,pollicem
polo,polum
polpo,polypum
polpo,pulpum
polverizzare,pulverizare
pometo,pometum
pomice,pumicem
pomifero,pomiferum
pomo,pomum
ponderare,ponderare
ponderazione,ponderationem
ponderoso,ponderosum
pontefice,pontificem
pontificato,pontificatum
poplite,poplitem
poppa,puppem
porca,porcam
porcello,porcellum
porcino,porcinum
porgere,porrigere
pornografia,pornographiam
porpora,purpuram
portabile,portabilem
portare,portare
portendere,portendere
portiere,portarium
portoghese,portucensem
posare,pausare
poscrivere,postscribere
posporre,postponere
possedere,possidere
possessione,possessionem
possessore,possessorem
postero,posterum
postribolo,prostibulum
postulare,postulare
postulazione,postulationem
potare,putare
povero,pauperem
poverta,paupertatem
pozione,potionem
prandere,prandere
pranzo,prandium
pratico,practicum
preambolo,praeambulum
precedere,praecedere
precetto,praeceptum
precidere,praecidere
preclaro,praeclarum
precludere,praecludere
preconoscere,praecognoscere
precorrere,praecurrere
predare,praedari
predatore,praedatorem
predazione,praedationem
prediale,praedialem
predire,praedicare
predominare,praedominari
preferire,praeferre
prefica,praeficam
pregare,precari
pregiudicare,praeiudicare
pregiudizio,praeiudicium
pregno,praegnatem
pregustare,praegustare
premere,premere
premettere,praemittere
premonire,praemonere
premonitore,praemonitorem
premonitorio,praemonitorium
prenotare,praenotare
prenotazione,praenotationem
preoccupare,praeoccupare
preoccupazione,praeoccupationem
preporre,praeponere
preposito,praepositum
prepostero,praeposterum
prepotente,praepotentem
presagio,praesagium
presagire,praesagire
prescienza,praescientiam
prescrivere,praescribere
presentazione,praesentationem
presepe,praesaepe
presiedere,praesidere
prestare,praestare
prestazione,praestationem
presumere,praesumere
prete,presbyterum
pretendere,praetendere
pretermettere,praetermittere
preternaturale,praeternaturalem
prevalere,praevalere
prevenire,praevenire
previo,praevium
prezzare,pretiare
prezzemolo,petroselinum
prigione,prehensionem
primogenito,primogenitum
principalita,principalitatem
priore,priorem
privato,privatum
problematico,problematicum
procace,procacem
procacia,procaciam
procedere,procedere
procella,procellam
procrastinare,procrastinare
procurare,procurare
prodigare,prodigere
prodigio,prodigium
prodigioso,prodigiosum
produttivo,productivum
produzione,productionem
proferire,proferre
profezia,prophetiam
profitto,profectum
profluvio,profluere
profondere,profundere
profondita,profunditatem
profugo,profugum
prognosi,prognosem
progredire,progredi
proibire,prohibere
prole,prolem
proletariato,proletarium
proloquio,proloquium
prolungare,prolongare
prolungazione,prolongatonem
promessa,promissum
promettere,promittere
promissione,promissionem
promontorio,promunturium
promulgazione,promulgationem
prono,pronum
propagazione,propagationem
propellere,propellere
propinquita,propinquitatem
propinquo,propinquum
proprieta,proprietatem
proprio,proprium
propugnare,propugnare
prorogare,prorogare
prorogazione,prorogationem
prorompere,prorumpere
proscenio,proscenium
proscrivere,proscribere
proseguire,prosequi
prosperare,prosperare
prossimo,proximum
prostituire,prostituere
prostrare,prosternere
protasi,protasem
protendere,protendere
protervo,protervum
protestare,protestari
protestazione,protestationem
protrarre,protrahere
prova,probam
provenire,provenire
provento,proventum
provocare,provocare
provocatore,provocatorem
provocatorio,provocatorium
provvedere,providere
prua,proram
prudente,prudentem
prudere,prurire
pruno,prunum
pubblico,publicum
pube,puberem
pudibondo,pudibundum
pudico,pudicum
pudore,pudorem
puerile,puerilem
puerilita,puerilitatem
pugilatore,pugilatorem
pugile,pugilem
pugio,pugionem
pugnace,pugnacem
pugnare,pugnare
pugnatore,pugnatorem
pula,apludam
pulcro,pulchrum
pulire,polire
pullulare,pullulare
pulpito,pulpitum
pulsare,pulsare
pulvinare,pulvinar
punire,punire
punizione,punitionem
punto,punctum
pupa,pupam
pupilla,pupillam
pupillo,pupillum
pupo,pupum
purgazione,purgationem
purino,purem
purpureo,purpureum
pustola,pustulam
putre,putrem
putrido,putridum
putrire,putrere
putto,putum
puzzare,putere
quaderno,quaternos
quadrare,quadrare
quadrato,quadratum
quadrigato,quadrigatum
quadrigemino,quadrigeminum
quadrilatero,quadrilaterum
quadro,quadrum
quadruplare,quadruplare
quadruplicare,quadruplicare
quadruplo,quadruplum
qualificare,qualificare
qualita,qualitatem
quarto,quartum
quassare,quassare
querceto,querquetum
quercia,querceum
quercia,quercum
querela,querelam
querimonia,querimoniam
quesito,quaesitum
questionario,quaestionarium
questione,quaestionem
quiescenza,quiescentiam
quietanza,quietantiam
quinquennale,quinquennalem
quinto,quintum
quirinale,quirinalem
quirino,quirinum
quotidiano,cotidianum
quotidiano,quotidianum
rabula,rabulam
racemo,racemum
racemoso,racemosum
radiare,radiare
radiazione,radiationem
radicchio,radiculam
radice,radicem
ragionevole,rationabilem
ragno,araneum
ralla,rallum
ramo,ramum
rancore,rancorem
ranocchio,ranunculum
rapa,rapum
rapace,rapacem
rapidita,rapiditatem
rapido,rapidum
rapire,rapere
rasare,radere
rassegnare,resignare
rastrello,rastellum
rastro,rastrum
rasura,rasuram
razza,raiam
realta,realitatem
reato,reatum
reazione,reactionem
recedere,recedere
recensire,recensere
recente,recentem
recessivo,recessivum
recesso,recessum
recidere,recidere
recitazione,recitationem
reclamare,reclamare
reclinare,reclinare
recursione,recursionem
redenzione,redemptionem
redigere,redigere
reduce,reducem
refezione,refectionem
refiorire,reflorere
refrigerazione,refrigerationem
reggere,regere
reggia,regiam
regio,regium
regnare,regnare
regola,regulam
regolare,regularem
regolare,regulare
regolarita,regularitatem
regredire,regredi
relativo,relativum
relegare,relegere
relegazione,relegationem
reliquia,reliquias
remo,remum
rene,renem
renoso,arenosum
repellere,repellere
replezione,repletionem
replicare,replicare
replicazione,replicationem
reprensibile,reprehensibilem
repubblica,rempublicam
reputare,reputare
rescindere,rescindere
resecare,resecare
responso,responsum
resta,restem
restare,restare
restaurazione,restaurationem
restituire,restituere
restituzione,restitutionem
restringere,restringere
resumere,resumere
rete,rete
reticere,reticere
retrazione,retractionem
retribuire,retribuere
retrocedere,retrocedere
rettangolo,rectangulum
reuma,rheuma
reverente,reverentem
revocare,revocare
revocazione,revocationem
reziario,retiarium
ricalcitrare,recalcitrare
ricapitolare,recapitulare
ricetta,receptam
ricettare,receptare
ricettatore,receptatorem
riconciliare,reconciliare
riconciliazione,reconciliationem
riconoscere,recognoscere
ricordabile,recordabilem
ricordare,recordari
ricusare,recusare
ricusazione,recusationem
ridere,ridere
riduzione,reductionem
rifare,reficere
riferire,referre
riflettere,reflectere
rifluire,refluere
riformare,reformare
riformazione,reformationem
rigido,rigidum
rigoroso,rigorosum
rilassare,relaxare
rilegare,religare
rilevare,relevare
rilucere,relucere
rimanere,manere
rimanere,remanere
rimembrare,rememorari
rimuovere,removere
rinnovazione,renovationem
rinunciare,renuntiare
riparare,reparare
ripercussione,repercutere
ripetere,repetere
riporre,reponere
riposare,repausare
riprendere,reprehendere
riprensione,reprehensionem
riprovare,reprobare
ripudiare,repudiare
ripugnare,repugnare
risarcire,resarcire
risedere,residere
riservazione,reservationem
riso,risum
risonare,resonare
risplendere,resplendere
rissa,rixam
ristorare,restaurare
risuscitazione,resuscitationem
ritardare,retardare
ritenere,retinere
rito,ritum
ritorcere,retorquere
ritrarre,retrahere
ritrattare,retractare
riva,ripam
rivedere,revidere
rivenire,revenire
riversare,reverti
rivo,rivum
rivolgere,revolvere
rivolo,rivulum
robbia,rubiam
roco,raucum
rogare,rogare
rogo,rogum
romano,romanum
romice,rumicem
rosmarino,rosmarinum
rosmarino,roremmarinum
rostro,rostrum
rotare,rotare
rotella,rotellam
rovere,robur
rovinoso,ruinosum
rovo,rubum
rubiginoso,robiginosum
rubrica,rubricam
rude,rudem
rudere,rudus
rufo,rufum
ruga,rugam
ruggine,aeruginem
rugginoso,aeruginosum
ruggire,rugire
rugiada,rorem
ruminare,ruminari
rumore,rumorem
rupe,rupem
rusticano,rusticanum
ruta,rutam
ruttare,ructare
rutto,ructum
sabbia,sabulum
sabbione,sabulonem
saccarino,saccharum
sacculo,sacculum
sacerdote,sacerdotem
sacerdozio,sacerdotium
sacramentale,sacramentalem
sacrare,sacrare
sacrario,sacrarium
sacrificale,sacrificalem
sacrificatore,sacrificatorem
sacrificio,sacrificium
sacrifico,sacrificum
sacrilego,sacrilegum
sacro,sacrum
saettare,sagittare
saga,sagam
saggio,exagium
sagittario,sagittarium
sagoma,sacoma
salace,salacem
salario,salarium
salice,salicem
saliceto,salicetum
salina,salinam
salivare,salivare
salma,sagmam
salsa,salsam
saltazione,saltationem
salto,saltum
salubre,salubrem
salubrita,salubritatem
salutare,salutarem
salutare,salutare
salutazione,salutationem
salute,salutem
salvare,salvare
salvifico,salvificum
salvo,salvum
sambuco,sambucum
sanabile,sanabilem
sanare,sanare
sanazione,sanationem
sancire,sancire
sandone,sandones
sanguinare,sanguinare
sanguinario,sanguinarium
sanguinolento,sanguinolentum
sanguinoso,sanguinosum
sanguisuga,sanguisugam
sano,sanum
sansa,sampsam
santita,sanctitatem
santo,sanctum
santoreggia,satureiam
sapere,sapere
sapienza,sapientiam
sapone,saponem
sapore,saporem
sarago,sargum
sarchio,sarculum
sarcina,sarcinam
sardonice,sardonycha
sarmento,sarmentum
sasso,saxum
satellite,satellitem
satira,satiram
satirico,satiricum
satiro,satyrum
saturare,saturare
saturo,saturum
scabbia,scabiem
scalare,scalarem
scalpello,scalpellum
scamonea,scammoneam
scamonio,scammonium
scandire,scandere
scandola,scandulam
scapola,scapulam
scarabeo,scarabaeum
scenico,scenicum
scheda,schedam
scialbare,exalbare
scientifico,scientificum
scimmia,simiam
scimmia,simium
scindere,scindere
scintilla,scintillam
scintillare,scintillare
sciogliere,exsolvere
scirpo,scirpum
scissile,scissilem
scodella,scutellam
scoglio,scopulum
scoiattolo,sciurum
scolaro,scholarem
scolastico,scholasticum
scolopendra,scolopendram
scomma,scomma
scopa,scopam
scopare,scopere
scopula,scopulam
scoria,scoriam
scorpena,scorpaenam
scorrere,excurrere
scorso,excursum
scortare,curtare
scorza,scorteam
scozia,scotiam
scriba,scribam
scrigno,scrinium
scrittrice,scriptricem
scrittura,scripturam
scrofa,scrofam
scrupuloso,scrupulosum
scrutare,scrutare
scrutinio,scrutinium
scudiero,scutarium
scudiscio,scuticam
scudo,scutum
scure,securem
scurrile,scurrilem
scusazione,excusationem
se,se
secernere,secernere
secondare,secundare
sedare,sedare
sede,sedem
sedere,sedere
segale,secale
segare,secare
segnare,signare
segregare,segregare
seguace,sequacem
selce,silicem
selva,silvam
selvaggio,silvaticum
selvoso,silvosum
seme,semen
semiminima,semiminimam
sempiterno,sempiternum
semplice,simplicem
senato,senatum
sene,senem
senetta,senectam
senettute,senectum
seno,sinum
sensato,sensatum
sensazione,sensationem
senso,sensum
sensualita,sensualitatem
sentire,sentire
separare,separare
sepolcro,sepulcrum
sepoltura,sepulturam
seppellire,sepelire
sera,serum
serafico,seraphicum
serenare,serenare
serico,sericum
serioso,seriosum
sermone,sermonem
serotino,serotinum
serpentino,serpentinum
serrare,serere
servare,servare
serviente,servientem
servile,servilem
sescuncia,sescunciam
sesquipedale,sesquipedalem
sesso,sessum
sessualita,sexualitatem
sestaio,sextarium
sesto,sextum
seta,saetam
settenne,septennem
settentrionale,septentrionalem
settentrione,septentrionem
settimana,septimanam
severita,severitatem
severo,severum
sgombro,scombrum
sicario,sicarium
siccita,siccitatem
sidereo,sidereum
siepe,saepem
siero,serum
silicio,silicium
siliquastro,siliquastrum
silvicolo,silvicolum
simile,similem
sincero,sincerum
sinossi,synopsem
sipario,siparium
sito,situm
situla,situlam
smeraldo,smaragdum
smilace,smilacem
smuovere,emovere
soave,suavem
soavita,suavitatem
soccombere,succumbere
soccorrere,succurrere
sodalita,sodalitatem
sodalizio,sodalicium
soddisfazione,satisfactionem
soggetto,subiectum
soggiacere,subiacere
soggiogare,subiugare
soglia,soleam
soglio,solium
sognare,somniare
sognatore,somniatorem
sogno,somnium
solare,solarem
solarium,solarium
solcare,sulcare
solco,sulcum
solere,solere
solerte,sollertem
solidare,solidare
solido,solidum
soliloquio,soliloquium
sollazzo,solacium
sollecitare,sollicitare
sollecitazione,sollicitationem
sollecito,sollicitum
sollecitudine,sollicitudinem
sollevare,sublevare
solo,solum
solo,solum
solto,solutum
solvere,solvere
somiere,sagmarium
somma,summam
sommergere,summergere
sommersione,summersionem
sommettere,summittere
somministrare,subministrare
sommita,summitatem
sommo,summum
sonito,sonitum
sonnacchioso,somniculosum
sonnifero,somniferum
sonno,somnum
sonnolento,somnolentum
sonoro,sonorum
sontuoso,sumptuosum
sopore,soporem
sopraccrescere,supercrescere
soprannaturale,supernaturalem
soprassedere,supersedere
sordo,surdum
sorella,sororem
sorgere,surgere
sorice,soricem
sorridere,subridere
sorte,sortem
sortilego,sortilegum
sortire,sortiri
soscrivere,subscribere
sospendere,suspendere
sospensione,suspensionem
sospirare,suspirare
sospiro,suspirium
sostanza,substantiam
sostentacolo,sustentaculum
sostentare,sustentare
sostituzione,substitutionem
sostruzione,substructionem
sottile,subtilem
sottilita,subtilitatem
sottrarre,subtrahere
sottrazione,subtractionem
sovrapporre,superponere
sovvenire,subvenire
spandere,expandere
spargere,spargere
spatolato,spatulatum
spazzare,spatiari
specchio,speclum
specchio,speculum
specifico,specificum
speculativo,speculativum
speculatore,speculatorem
spedire,expedire
spelonca,speluncam
spelta,speltam
speme,spem
spendere,expendere
sperare,sperare
spesso,spissum
spettacolo,spectaculum
spettare,spectare
spezie,speciem
spilla,spinulam
spinale,spinalem
spirare,spirare
spirazione,spirationem
splendere,splendere
spogliare,spoliare
spoglio,spolium
sporcare,spurcare
sporco,spurcum
sprta,sportam
sposa,sponsam
sposare,sponsare
sposo,sponsum
spumare,spumare
spumoso,spumosum
spurgare,expurgare
spurio,spurium
sputare,sputare
sputo,sputum
squalo,squalum
squama,squamam
stabile,stabilem
stabilire,stabilire
stadera,stateram
staggio,staticum
stagno,stagnum
stagno,stannum
stato,statum
statua,statuam
statuire,statuere
stellato,stellatum
stemma,stemma
sterco,stercus
sternere,sternere
stilla,stillam
stillicidio,stillicidium
stimabile,aestimabilem
stipulare,stipulari
stirpe,stirpem
stivare,stipare
stolido,stolidum
stolto,stultum
stoppa,stuppam
storace,styracem
storno,sturnum
strada,stratam
strage,stragem
straordinario,extraordinarium
strato,stratum
strega,strigam
strenna,strenam
strenuo,strenuum
strepito,strepitum
stria,striam
stridere,stridere
strigare,extricare
strige,strigem
strigile,strigilem
stringere,stringere
stroppo,stroppum
struzzo,struthionem
studiare,studere
studio,studium
stuoia,stoream
stupire,stupere
stupratore,stupratorem
stupro,stuprum
suadere,suadere
subbia,subulam
subdolo,subdolum
subire,subire
subitaneo,subitaneum
subito,subitum
sublimazione,sublimationem
subornare,subornare
subsannare,subsannare
suburbano,suburbanum
succedaneo,succedaneum
succhiare,sugere
succidere,succidere
succino,sucinum
succulento,succulentum
sudare,sudare
sudario,sudarium
sufficienza,sufficientiam
suffondere,suffundere
suffrutice,suffruticem
suggello,sigillum
sughero,suberem
sugoso,sucosum
suino,suinum
sumere,sumere
sunto,sumptum
suocera,socrum
suocero,socerum
suono,sonum
suovetaurilia,suovetaurilia
superare,superare
superbia,superbiam
superbo,superbum
superiore,superiorem
superno,supernum
supero,superum
supervacaneo,supervacaneum
supino,supinum
supplicare,supplicare
supplicazione,supplicationem
supplire,supplere
supporre,supponere
surrogare,subrogare
suscitare,suscitare
susseguire,subsequi
sussidio,subsidium
sussurro,susurrum
sutura,suturam
svagare,evagari
svanire,evanescere
svegliare,evigilare
tacere,tacere
talamo,thalamum
talea,taleam
talo,talum
talpa,talpam
tamerice,tamaricem
tamiso,tamisium
tangere,tangere
tanto,tantum
tappeto,tapetem
tardare,tardare
tardo,tardum
tartufo,tuber
tassare,taxare
tassazione,taxationem
tasso,taxum
tattile,tactilem
tauriforme,tauriformem
taverna,tabernam
tavola,tablam
tavola,tabulam
teca,thecam
teda,taedam
tedioso,taediosum
teglia,tegulam
tela,telam
temere,timere
temerita,temeritatem
temperare,temperare
temperie,temperiem
temporale,temporalem
temporario,temporarium
tendere,tendere
tenebra,tenebram
tenebre,tenebras
tenebroso,tenebrosum
tenere,tenere
tenero,tenerum
tenore,tenorem
tensione,tensionem
tentare,temptare
tenue,tenuem
teosofia f,theosophiam
tepore,teporem
terebra,terebram
tergere,tergere
tergiversare,tergiversari
termite,tarmitem
terremoto,terraemotum
terreno,terrenum
terreo,terreum
terso,tersum
terziare,tertiare
terzo,tertium
tesoro,thesaurum
teste,testem
testimonio,testimonium
testo,textum
testuggine,testudinem
tetro,taetrum
tetto,tectum
tibiale,tibialem
tiepido,tepidum
tiglio,tiliam
tigna,tineam
timido,timidum
timone,temonem
timore,timorem
tina,tinam
tingere,tingere
tipula,tippulam
tisi,phthisem
tisico,phthisicum
titanio,titanium
titillare,titillare
titolare,titularem
toga,togam
togato,togatum
togliere,tollere
tomo,tomum
torcere,torquere
tordo,turdum
torma,turmam
tormento,tormentum
tornio,tornum
toro,taurum
torpedo,torpedinem
torre,turrem
torso,thyrsum
tortile,tortilem
torto,tortum
tortora,turturem
tortore,tortorem
tosare,tondere
toso,tonsum
tosone,tonsionem
tossicare,toxicare
tossire,tussire
trabecola,trabeculam
trace,thracem
tracio,thracium
tradire,tradere
traditore,traditorem
traduzione,traductionem
tragedo,tragoedum
tragula,tragulam
tralcio,traducem
tralucere,translucere
trama,tramam
tramettere,tramittere
tramite,tramitem
tramoggia,trimodiam
tramontano,transmontanum
tranquillo,tranquillum
transazione,transactionem
transfluire,transfluere
transire,transire
transito,transitum
transustanziare,transubstantiare
trascendere,transcendere
trascrivere,transcribere
trasfondere,transfundere
trasformazione,transformationem
trasgredire,transgredi
trasgressione,transgressionem
traslazione,translationem
trasmettere,transmittere
trasmigrare,transmigrare
trasmissione,transmissionem
trasmutazione,transmutationem
trasporre,transponere
trasportare,transportare
trattato,tractatum
tratto,tractum
travaglio,tripalem
trave,trabem
trebbia,tribulum
tremare,tremere
tremolare,tremulare
tremore,tremorem
tremulo,tremulum
trepidare,trepidare
trepidazione,trepidationem
trepido,trepidum
tributo,tributum
triclinio,triclinium
trifogliato,trifoliatum
trifoglio,trifolium
trigesimo,trigesimum
trillo,tribulum
trinita,trinitatem
trionfatore,triumphatorem
triplice,triplicem
triplo,triplum
tripudio,tripudium
troncare,truncare
trono,thronum
truce,trucem
trucidare,trucidare
truculento,truculentum
tu,tu
tuberoso,tuberosum
tugurio,tugurium
tumefare,tumefacere
tumido,tumidum
tumulare,tumulare
tuo,tuum
tuorlo,torulum
turba,turbam
turgido,turgidum
turpe,turpem
turpitudine,turpitudinem
ubero,uber
ubicazione,ubicationem
ubriaco,ebriacum
uccidere,occidere
udienza,audientiam
udito,auditum
uditore,auditorem
ufficio,officium
ufficioso,officiosum
uggia,udum
ulcera,ulcus
ulteriore,ulteriorem
ultore,ultorem
ultrice,ultricem
umbone,umbonem
umbratico,umbraticum
umido,humidum
umido,umidum
umiliare,humiliare
umiliazione,humiliationem
unanime,unanimum
uncino,uncinum
ungere,ungere
unguentario,unguentarium
unguento,unguentum
ungulato,ungulatum
unico,unicum
uniforme,uniformem
univoco,univocum
ununoctio,ununoctium
ununseptio,ununseptium
uopo,opus
urbe,urbem
urgere,urgere
urina,urinam
urlare,ululare
urna,urnam
uro,urum
usare,uti
usciere,ostiarium
uscire,exire
usignolo,lusciniam
uso,usum
ustolare,ustulare
usuale,usualem
usuario,usuarium
usura,usuram
usurario,usurarium
uva,uvam
uxoricidio,uxoricidium
vacare,vacare
vacazione,vacationem
vacillare,vacillare
vacillazione,vacillationem
vacuita,vacuitatem
vadoso,vadosum
vagabondo,vagabundum
vagare,vagari
vagire,vagire
vago,vagum
valanga,labinam
valere,valere
valetudinario,valetudinarium
vallare,vallare
valletto,vallettum
vallo,vallum
vanni,vannum
vano,vanum
variegare,variegare
varieta,varietatem
vario,varium
vascello,vascellum
vascolo,vasculum
vate,vatem
veccia,viciam
vece,vicem
vedova,viduam
veemente,vehementem
vegetabile,vegetabilem
vegeto,vegetum
vela,velum
velare,velare
vellere,vellere
vellicare,vellicare
vello,vellus
vello,villum
velloso,villosum
veloce,velocem
vendemmia,vindemiam
vendemmiare,vindemiare
vendetta,vindictam
vendicatore,vindicatorem
venditore,venditorem
venerare,venerari
venerazione,venerationem
ventilazione,ventilationem
vento,ventum
ventre,ventrem
venusto,venustum
verace,veracem
verbale,verbalem
verbasco,verbascum
verecondia,verecundiam
verecondo,verecundum
verga,virgam
vergine,virginem
verificare,verificare
verificazione,verificationem
verita,veritatem
verme,vermem
vermiglio,vermiculum
verminoso,verminosum
vernacolo,vernaculum
vernale,vernalem
vernare,vernare
vernice,vernicem
vero,verum
verro,verrem
versicolo,versiculum
versicolore,versicolorem
versificare,versificare
vertere,vertere
vertigine,vertiginem
vertiginoso,vertiginosum
verza,viridem
verziere,viridarium
vescovado,episcopatum
vespro,vesperum
vessare,vexare
vessazione,vexationem
vestimento,vestimentum
vestire,vestire
vestito,vestitum
vetere,veterem
vetrice,viticem
vetro,vitrum
vetta,vittam
vetusta,vetustatem
vibrare,vibrare
vibrazione,vibrationem
vibrissa,vibrissas
vicina,vicinam
vicinita,vicinitatem
vicissitudine,vicissitudinem
vico,vicum
vicolo,viculum
viduita,viduitatem
vigneto,vinetum
vigorare,vigorare
villano,villanum
vimine,vimen
vinaccia,vinaceum
vincere,vincere
vincolare,vinculare
vincolo,vinculum
vindice,vindicem
vinoso,vinosum
vinto,victum
viola,violam
violare,violare
vipera,viperam
viperino,viperinum
vipistrello,vespertilionem
virgola,virgulam
vischio,viscum
visitatore,visitatorem
visitazione,visitationem
viso,visum
vite,vitem
vitello,vitellum
vituperabile,vituperabilem
vituperazione,vituperationem
vivace,vivacem
vivaio,vivarium
vivido,vividum
vogare,vocare
voi,vos
volare,volare
volere,velle
volgere,volvere
volgo,vulgus
volonta,voluntatem
volpe,vulpem
volpino,vulpinum
voltare,volutare
volto,vultum
volubile,volubilem
volutta,voluptatem
vomere,vomerem
vomere,vomere
vomico,vomicum
vomitare,vomitare
vomito,vomitum
voragine,voraginem
voraginoso,voraginosum
vorare,vorare
voratore,voratorem
voratrice,voratricem
vortice,vorticem
voto,votum
vulnerare,vulnerare
vuoto,vocitum
zanca,zancham
zanzara,zinzalam
zavorra,saburram
zefiro,zephyrum
zia,thiam
zio,thium
zizzania,zizania
zona,zonam
zonula,zonulam
